序号,链接,节点数
0,https://ZRhBNI.absslk.xyz/0d8cc5d1158ab26a939a3f98cc53f0cf,0
1,https://d6fscJ.mcsslk.xyz/0f41d67cee9c84d2e28ae8f512506130,0
2,https://gist.githubusercontent.com/peasoft/40b87245630092f30cc98af61190b4e2/raw/,10
3,https://raw.githubusercontent.com/Huibq/TrojanLinks/master/links/vmess,0
4,https://raw.githubusercontent.com/Surfboardv2ray/TGParse/main/python/hy2,8
5,https://raw.githubusercontent.com/Surfboardv2ray/TGParse/main/python/hysteria2,28
6,https://raw.githubusercontent.com/ripaojiedian/freenode/main/clash,15
7,https://raw.githubusercontent.com/ripaojiedian/freenode/main/sub,15
8,https://raw.githubusercontent.com/zhangkaiitugithub/passcro/main/speednodes.yaml,25

总计,,68
